{
  "rows_final": 28242,
  "features_final": 2,
  "sklearn_random_forest": {
    "r2": 0.0048417126674636934,
    "mae": 65479.01455407428,
    "rmse": 84962.06080009078
  },
  "keras_mlp": {
    "r2": 0.15196452227300794,
    "mae": 60941.270821577935,
    "rmse": 78430.67751261388,
    "epochs_trained": 104
  }
}